"stock","genotype","sex","age","plate","well","ws","fw","iod","cell.area","cell.number","fresh.mass.z","iod.z","wing.area.z","cell.number.z","cell.area.z"
"28197","DGRP-440","female",5,"28197","B1",1187411.47833333,1.35,488.617,160.350918367347,7405.08062207102,0.843785730514217,0.503093595953812,1.33805497697074,1.94984741596805,-0.441561889281468
"28248","DGRP-849","female",5,"28248","B1",1084972.699,1.54,477.687333333333,153.759921568627,7056.27765630555,1.76767608148671,0.0940761412677806,0.242086753827335,1.27876759077383,-0.900884341788811
"25180","DGRP-313","female",5,"25180","B10",874191.674333333,1.07,425.040666666667,151.383865384615,5774.66873442759,-0.517736891971568,-1.876103394342,-2.01300947613242,-1.18698521431991,-1.0664702140119
"28191","DGRP-385","female",5,"28191","B10",1137677.98233333,1.17,470.164,154.041,7385.55308218807,-0.0314788125123598,-0.187467179732038,0.805968089597069,1.9122773855001,-0.881296161368174
"28197","DGRP-440","female",5,"28197","B10",1136139.89566667,1.3,473.111,163.6225625,6943.66277063206,0.600656690784612,-0.0771825319270094,0.789512464861297,1.06210206550749,-0.213563051983706
"28247","DGRP-843","female",5,"28247","B10",1053257.602,1.47,512.714333333333,161.143224489796,6536.15816200014,1.42729542586527,1.40488047064231,-0.0972255528217675,0.278083154067305,-0.38634657020097
"25180","DGRP-313","female",5,"25180","B11",873463.8,1.13,424.211,153.824725490196,5678.30559889847,-0.225982044296043,-1.907151747287,-2.02079683112597,-1.37238316815936,-0.896368196948178
"28191","DGRP-385","female",5,"28191","B11",1137080.81466667,1.27,477.355333333333,157.12182,7236.93764918626,0.45477926694685,0.08165181039867,0.799579134254109,1.62634857012678,-0.666595738754026
"28197","DGRP-440","female",5,"28197","B11",1133615.519,1.48,474.732333333333,164.731625,6881.59009540518,1.47592123381119,-0.0165078880039753,0.762504757156069,0.942677278080073,-0.136273178685199
"28247","DGRP-843","female",5,"28247","B11",1089853.23466667,1.65,505.691,161.143224489796,6763.25820162348,2.30255996889184,1.14204849131284,0.294302448287958,0.715012509176361,-0.38634657020097
"25180","DGRP-313","female",5,"25180","B12",859507.675666667,1.09,437.277,154.86737254902,5549.95969467106,-0.420485276079726,-1.41818696675748,-2.17011009790945,-1.61931440277288,-0.823706774285735
"28247","DGRP-843","female",5,"28247","B12",1057580.11533333,1.15,538.709666666667,171.652565217391,6161.16697116614,-0.128730428404202,2.37769559831149,-0.0509800070599596,-0.443381533717089,0.346042824703862
"25180","DGRP-313","female",5,"25180","B2",878655.451666667,1.04,439.789,150.363442307692,5843.54440269233,-0.663614315809331,-1.32418118620566,-1.9652525803127,-1.05447180143134,-1.13758286124887
"28191","DGRP-385","female",5,"28191","B2",1169715.396,1.13,486.123666666667,154.041,7593.53286462695,-0.225982044296043,0.409786372157691,1.14872878587712,2.31242030210839,-0.881296161368174
"28247","DGRP-843","female",5,"28247","B2",1049250.636,1.56,515.297666666667,167.441489361702,6266.37185323549,1.86492769737856,1.50155573593913,-0.140095132445772,-0.240972492516019,0.0525755770630864
"28248","DGRP-849","female",5,"28248","B2",1051115.03233333,1.29,473.394666666667,157.3729,6679.1361939275,0.552030882838691,-0.0665669640860202,-0.120148397918353,0.553165885837833,-0.649098130289412
"25180","DGRP-313","female",5,"25180","B3",862601.442,1.13,394.455666666667,148.020018867925,5827.59986518907,-0.225982044296043,-3.02067616431716,-2.13701062510013,-1.08514831078099,-1.30089457789634
"28191","DGRP-385","female",5,"28191","B3",1150593.454,1.09,479.333666666667,151.596692307692,7589.83218225281,-0.420485276079726,0.15568635227437,0.944147660123967,2.30530037044356,-1.05163843859876
"28197","DGRP-440","female",5,"28197","B3",1160419.557,1.26,490.023,167.103893617021,6944.29993151158,0.406153459000929,0.555709888730829,1.04927480743497,1.06332793183781,0.0290487403586536
"28247","DGRP-843","female",5,"28247","B3",1070306.17733333,1.4,539.359333333333,167.441489361702,6392.12050378559,1.08691477024382,2.40200786825514,0.0851731143313935,0.00096175321029709,0.0525755770630864
"28248","DGRP-849","female",5,"28248","B3",1126389.89733333,1.17,481.440333333333,151.041519230769,7457.48522042059,-0.0314788125123598,0.234523471845409,0.685199543342863,2.05067129693084,-1.09032810376562
"25180","DGRP-313","female",5,"25180","B4",867812.280333333,1.14,428.263666666667,147.526396226415,5882.42038395261,-0.177356236350123,-1.75549008593494,-2.08126110068724,-0.97967631724975,-1.33529483164181
"28191","DGRP-385","female",5,"28191","B4",1254553.328,1.29,477.409666666667,157.12182,7984.59009703426,0.552030882838691,0.0836851095268728,2.05638971462218,3.06479526712313,-0.666595738754026
"28197","DGRP-440","female",5,"28197","B4",1068729.646,1.48,501.226,160.283326530612,6667.75309155993,1.47592123381119,0.974956210196637,0.0683061792179106,0.531265354315021,-0.446272322189678
"28247","DGRP-843","female",5,"28247","B4",1045874.16166667,1.35,528.232,163.953125,6379.10476952889,0.843785730514217,1.98559319649545,-0.176219231148156,-0.0240798821169487,-0.190526357710625
"28248","DGRP-849","female",5,"28248","B4",1123569.373,1.28,468.363666666667,160.035836734694,7020.73607964849,0.503405074892771,-0.254840483973058,0.655023421936009,1.21038733776249,-0.463519731572986
"28191","DGRP-385","female",5,"28191","B5",1193912.36433333,1.08,463.994,157.66056,7572.67616157987,-0.469111084025647,-0.418365135944126,1.40760641564118,2.27229302680198,-0.629051284459669
"28197","DGRP-440","female",5,"28197","B5",1031430.05433333,1.37,465.367666666667,167.103893617021,6172.38791992021,0.941037346406059,-0.36695884326178,-0.330753312401724,-0.421792977805962,0.0290487403586536
"28247","DGRP-843","female",5,"28247","B5",1035297.915,1.47,516.760666666667,156.85714,6600.26005191731,1.42729542586527,1.55630512166657,-0.289371987772475,0.40141205118786,-0.685041122728916
"28248","DGRP-849","female",5,"28248","B5",1076144.56133333,1.26,466.977333333333,160.825285714286,6691.38908445752,0.406153459000929,-0.306720797311067,0.147636601110048,0.576739847191529,-0.408503524994637
"25180","DGRP-313","female",5,"25180","B6",879939.724666667,1.07,403.210333333333,151.383865384615,5812.63876722289,-0.517736891971568,-2.69305304589718,-1.95151244784527,-1.1139327306205,-1.0664702140119
"28191","DGRP-385","female",5,"28191","B6",1176537.602,1.21,474.638333333333,157.12182,7488.05991427543,0.163024419271324,-0.0200256202380004,1.22171795107801,2.10949551065977,-0.666595738754026
"28248","DGRP-849","female",5,"28248","B6",1111022.26466667,1.24,469.213333333333,161.376734693878,6884.64955480858,0.308901843109087,-0.22304367736127,0.520784883414171,0.948563528149986,-0.370073389846025
"25180","DGRP-313","female",5,"25180","B7",860680.429,1.07,433.411,148.020018867925,5814.6218030682,-0.517736891971568,-1.56286306055261,-2.15756308792668,-1.11011746676371,-1.30089457789634
"28191","DGRP-385","female",5,"28191","B7",1142130.68433333,1.3,483.869333333333,157.66056,7244.23840898024,0.600656690784612,0.325423169679957,0.853606493050197,1.64039487445099,-0.629051284459669
"28247","DGRP-843","female",5,"28247","B7",1048770.089,1.27,515.808666666667,166.963085106383,6281.44891028913,0.45477926694685,1.52067872712623,-0.145236390914044,-0.211964973070775,0.0192358831512727
"28248","DGRP-849","female",5,"28248","B7",1073157.525,1.21,475.099,164.73875,6514.29930723646,0.163024419271324,-0.00278623744570733,0.115679007276835,0.236027787933693,-0.135776641882943
"25180","DGRP-313","female",5,"25180","B8",874444.691666667,1.11,416.349666666667,153.824725490196,5684.68228290386,-0.323233660187884,-2.20134393525598,-2.01030250364561,-1.36011474040025,-0.896368196948178
"28191","DGRP-385","female",5,"28191","B8",1164194.74033333,1.24,466.587666666667,153.754039215686,7571.79938993473,0.308901843109087,-0.321303169586131,1.08966459923839,2.27060616109238,-0.901294279293241
"28197","DGRP-440","female",5,"28197","B8",1046796.71533333,1.26,473.88,163.6225625,6397.63061609143,0.406153459000929,-0.0484044884380146,-0.166349048104352,0.0115629394556289,-0.213563051983706
"28247","DGRP-843","female",5,"28247","B8",1047571.13066667,1.52,524.637333333333,160.607142857143,6522.56874775776,1.67042446559487,1.85107112411342,-0.158063761981467,0.251937786540815,-0.423705764534388
"28248","DGRP-849","female",5,"28248","B8",1053158.699,1.3,486.593,155.048235294118,6792.4584694706,0.600656690784612,0.427350084872245,-0.0982836925797665,0.771192394572306,-0.811102562482482
"25180","DGRP-313","female",5,"25180","B9",869617.576666667,1.1,429.020333333333,151.768480769231,5729.89577453141,-0.371859468133805,-1.72717358887383,-2.06194666305368,-1.27312619662096,-1.03966660795216
"28191","DGRP-385","female",5,"28191","B9",1166146.16666667,1.31,476.330666666667,151.078673076923,7718.800694476,0.649282498730533,0.0433060342022623,1.1105424471107,2.55342947235175,-1.08773887542024
"28197","DGRP-440","female",5,"28197","B9",1181258.91266667,1.31,487.274666666667,168.236553191489,7021.41651298657,0.649282498730533,0.452859880682829,1.27223013499833,1.21169645818403,0.107983079046485
"28247","DGRP-843","female",5,"28247","B9",1064075.32666667,1.46,534.394666666667,157.395,6760.54084733738,1.37866961791935,2.21621671969639,0.0185107196967329,0.70978445259919,-0.64755799508522
"28248","DGRP-849","female",5,"28248","B9",1101446.02,1.19,477.119666666667,155.048235294118,7103.89265579592,0.0657728033794821,0.0728325313580704,0.418330911197596,1.37037651807895,-0.811102562482482
"25198","DGRP-555","female",5,"25198","C10",1037014.65433333,0.99,477.014666666667,148.186471698113,6998.03863638746,-0.906743355538935,0.0689031496072967,-0.271005000494856,1.1667185684258,-1.28929458406785
"25201","DGRP-712","female",5,"25201","C10",1080374.28266667,1.12,493.102666666667,178.296840909091,6059.41348796821,-0.274607852241963,0.670959279192402,0.192889387254717,-0.639150252505118,0.809078250003911
"28135","DGRP-88","female",5,"28135","C10",908858.872666667,0.98,480.254333333333,170.784586956522,5321.66800800381,-0.955369163484856,0.190140169403346,-1.64211333693583,-2.05853642843926,0.285553961534815
"28196","DGRP-426","female",5,"28196","C10",1081132.16733333,1.33,470.052,186.274547619048,5803.97150953962,0.746534114622375,-0.191658520266195,0.200997815692392,-1.13060810996608,1.36503965057891
"25198","DGRP-555","female",5,"25198","C11",1072036.351,0.98,478.767333333333,151.036211538462,7097.87633098176,-0.955369163484856,0.134492639275731,0.103683832357617,1.35880140375692,-1.0906979935292
"25201","DGRP-712","female",5,"25201","C11",1103693.39933333,1.01,468.413333333333,182.648441860465,6042.72003687009,-0.809491739647094,-0.252981824033827,0.442375090078959,-0.671267634936858,1.11233860384092
"28135","DGRP-88","female",5,"28135","C11",1029357.30366667,1.22,450.888,174.5798,5896.19935219691,0.211650227217245,-0.90882682380728,-0.352929180563593,-0.953166257106056,0.550039989392804
"28196","DGRP-426","female",5,"28196","C11",1119323.13533333,1.38,496.725333333333,197.511375,5667.13251494165,0.989663154351979,0.806529186707937,0.609593931455242,-1.39387963454452,2.14812713622644
"25198","DGRP-555","female",5,"25198","C12",984109.677666667,1.02,451.285333333333,142.797872727273,6891.62701706489,-0.760865931701173,-0.893957544293254,-0.83702280791264,0.961987823843653,-1.66482268254083
"25201","DGRP-712","female",5,"25201","C12",1105600.08766667,1.17,485.380333333333,178.497340909091,6193.93029630481,-0.0314788125123598,0.381968844207748,0.462774296691712,-0.380346500575702,0.82305096984283
"28196","DGRP-426","female",5,"28196","C12",1058139.22066667,1.42,495.435666666667,198.9127,5319.61619678717,1.18416638613566,0.758266399426243,-0.0449982716008042,-2.06248401274255,2.2457846007066
"25198","DGRP-555","female",5,"25198","C2",1012146.19566667,1.06,486.154,145.442277777778,6959.09202696297,-0.566362699917489,0.410921526885679,-0.537066746198874,1.09178719911494,-1.48053574532722
"25201","DGRP-712","female",5,"25201","C2",1136233.25866667,1.11,464.808666666667,182.648441860465,6220.87572767084,-0.323233660187884,-0.387878123249228,0.790511333472219,-0.328504810149661,1.11233860384092
"28135","DGRP-88","female",5,"28135","C2",982180.134666667,1.04,438.860333333333,163.6685625,6001.03110618245,-0.663614315809331,-1.35893438480139,-0.857666531187668,-0.751475096066093,-0.210357340698965
"25190","DGRP-380","female",5,"25190","C3",1032187.64933333,0.9,463.045,164.477270833333,6275.56405881309,-1.34437562705222,-0.453879262434447,-0.322647983038998,-0.223287139128533,-0.153998961780958
"25198","DGRP-555","female",5,"25198","C3",1069750.86933333,0.97,475.951,153.759921568627,6957.28027446914,-1.00399497143078,0.0290978887605662,0.0792320056417153,1.08830147603863,-0.900884341788811
"25201","DGRP-712","female",5,"25201","C3",1134423.42933333,1.07,488.926333333333,191.55812195122,5922.08473218492,-0.517736891971568,0.514669679333853,0.771148398345871,-0.903364053620435,1.7332486475442
"28135","DGRP-88","female",5,"28135","C3",971951.485,1.07,443.124,162.980625,5963.60140967676,-0.517736891971568,-1.19937653726444,-0.967100429885892,-0.823487999204651,-0.258299275632561
"28196","DGRP-426","female",5,"28196","C3",1112587.17533333,1.36,470.621,196.181625,5671.2099073159,0.892411538460138,-0.170365013445341,0.537527491768929,-1.38603493128704,2.05545768881596
"25190","DGRP-380","female",5,"25190","C4",1001750.658,0.82,475.300333333333,157.2544,6370.25519158764,-1.73338209061959,0.00474819613354111,-0.648286140058379,-0.0411060367106274,-0.657356321316402
"25198","DGRP-555","female",5,"25198","C4",1069840.684,1.17,472.106,148.186471698113,7219.55703338081,-0.0314788125123598,-0.114792328684408,0.0801929114752575,1.59290911644871,-1.28929458406785
"25201","DGRP-712","female",5,"25201","C4",1115281.21033333,1.16,482.456,178.497340909091,6248.16708558896,-0.0801046204582807,0.272532443891788,0.566350333775165,-0.27599757397748,0.82305096984283
"28135","DGRP-88","female",5,"28135","C4",1018628.68366667,1.29,465.839666666667,162.980625,6249.99863429574,0.552030882838691,-0.349295336724973,-0.467712143370287,-0.272473763956876,-0.258299275632561
"28196","DGRP-426","female",5,"28196","C4",1136090.88866667,1.48,479.602666666667,202.23,5617.81579719461,1.47592123381119,0.165753054093017,0.788988150582455,-1.48876258444206,2.47696516689934
"25201","DGRP-712","female",5,"25201","C5",1189594.22833333,1.17,522.404,186.997214285714,6361.56122901245,-0.0314788125123598,1.76749379798588,1.36140770193129,-0.0578327949605177,1.41540183945796
"28135","DGRP-88","female",5,"28135","C5",1034044.75733333,0.94,444.435333333333,170.784586956522,6054.67258937471,-1.14987239526854,-1.15030292517702,-0.302779224662616,-0.648271509236429,0.285553961534815
"28196","DGRP-426","female",5,"28196","C5",1114453.34466667,1.45,486.976,190.068738095238,5863.42265348363,1.33004380997343,0.44168297259173,0.557493195203273,-1.01622702035009,1.62945441636093
"25190","DGRP-380","female",5,"25190","C6",983935.043666667,0.63,445.309333333333,157.7936,6235.58270846642,-2.65727244159209,-1.11759549993725,-0.838891175692168,-0.300209299302232,-0.619779809909197
"25198","DGRP-555","female",5,"25198","C6",946510.303,0.87,454.378666666667,145.442277777778,6507.80720339226,-1.49025305088999,-0.778196710492679,-1.23928960680374,0.223537298056845,-1.48053574532722
"28135","DGRP-88","female",5,"28135","C6",1031757.88633333,1.18,464.996666666667,170.649891304348,6046.05065052887,0.0171469954335612,-0.380842658781177,-0.327245915526559,-0.664859697358062,0.276167105617868
"25198","DGRP-555","female",5,"25198","C7",1128931.48933333,1.03,491.675666666667,153.997705882353,7330.83316316273,-0.712240123755252,0.617557110065229,0.712391433819531,1.80699894093876,-0.884313301400867
"25201","DGRP-712","female",5,"25201","C7",1110401.78566667,1.06,454.170333333333,183.068860465116,6065.48695854396,-0.566362699917489,-0.785993102855349,0.514146525640352,-0.627465192536226,1.14163731395492
"28135","DGRP-88","female",5,"28135","C7",920916.537666667,0.94,457.887333333333,167.150872340426,5509.49285978654,-1.14987239526854,-0.646892988877985,-1.51311123664422,-1.69717061142314,0.0323226582665247
"28196","DGRP-426","female",5,"28196","C7",1120663.445,1.36,493.049333333333,190.08230952381,5895.67460437252,0.892411538460138,0.668963402747539,0.623933586939251,-0.954175846223195,1.63040020074622
"25201","DGRP-712","female",5,"25201","C8",1137108.578,1.09,481.989666666667,191.55812195122,5936.10214183226,-0.420485276079726,0.255080999227256,0.79987616757778,-0.876395243893806,1.7332486475442
"28135","DGRP-88","female",5,"28135","C8",1101002.97033333,1.33,517.453666666667,170.066739130435,6473.94649866783,0.746534114622375,1.58223904122167,0.413590827812139,0.158390960331316,0.235527594647582
"25198","DGRP-555","female",5,"25198","C9",1131563.05633333,1.15,476.902,153.997705882353,7347.92151512825,-0.128730428404202,0.0646868606175661,0.740545945498044,1.83987609330102,-0.884313301400867
"25201","DGRP-712","female",5,"25201","C9",1148488.32133333,1.08,483.804333333333,191.342951219512,6002.25048277721,-0.469111084025647,0.322990695262812,0.921625344618194,-0.749129075210846,1.71825353357068
"28135","DGRP-88","female",5,"28135","C9",904270.089666667,0.97,447.533666666667,167.150872340426,5409.90350217854,-1.00399497143078,-1.03435497795974,-1.69120763875815,-1.88877565855373,0.0323226582665247
"28196","DGRP-426","female",5,"28196","C9",1112101.162,1.5,490.969333333333,194.93735,5704.91576909197,1.57317284970303,0.591124221398894,0.532327750295825,-1.32118650381147,1.96874494079815
"25198","DGRP-555","female",5,"25198","D1",1009317.03666667,1.12,448.578333333333,142.577381818182,7079.08241682943,-0.274607852241963,-0.995260748096518,-0.567335247858102,1.3226428332689,-1.68018855635507
"28196","DGRP-426","female",5,"28196","D1",1118780.37033333,1.34,469.856,194.718463414634,5745.63064392614,0.795159922568296,-0.198993366200972,0.603787017350002,-1.24285307844464,1.95349087130281
"28198","DGRP-441","female",5,"28198","D1",1104453.28833333,1.48,517.700666666667,183.61,6015.21316014015,1.47592123381119,1.59148244400682,0.45050496240403,-0.72418951874899,1.17934899033745
"28198","DGRP-441","female",5,"28198","D10",1050618.69533333,1.32,486.542,179.437045454545,5855.08244784087,0.697908306676454,0.425441528021867,-0.125458589854556,-1.03227316758551,0.888538393009846
"28198","DGRP-441","female",5,"28198","D11",1098737.00833333,1.42,525.343333333333,177.797045454545,6179.72590896754,1.18416638613566,1.87749153855195,0.389347837383976,-0.407675046221429,0.774247816771313
"25190","DGRP-380","female",5,"25190","D2",1006285.64966667,0.73,470.245666666667,161.120591836735,6245.54340444794,-2.17101436213288,-0.184410993925869,-0.59976733896336,-0.281045408010706,-0.387923825664476
"28198","DGRP-441","female",5,"28198","D2",1090962.336,1.39,498.510333333333,178.406704545455,6115.02991874414,1.0382889622979,0.873328676471076,0.306168460607572,-0.532146963237981,0.816734578240315
"25190","DGRP-380","female",5,"25190","D3",1016701.422,0.85,458.009333333333,161.01387755102,6314.37139123513,-1.58750466678183,-0.64232742151042,-0.488331459200668,-0.148623731949972,-0.395360677620118
"28198","DGRP-441","female",5,"28198","D3",1091874.091,1.32,497.526,182.982558139535,5967.09381539732,0.697908306676454,0.836492281836065,0.315923111275955,-0.816768781621976,1.13562295875896
"28198","DGRP-441","female",5,"28198","D4",1057025.13133333,1.55,493.935333333333,178.823863636364,5910.98475247567,1.81630188943263,0.702119900187396,-0.0569176493504222,-0.924719871013202,0.845806134876371
"25190","DGRP-380","female",5,"25190","D5",953175.447333333,0.66,441.319333333333,154.287156862745,6177.93124661235,-2.51139501775432,-1.26691200646662,-1.1679808071525,-0.411127888707903,-0.864141643265615
"25190","DGRP-380","female",5,"25190","D6",1014684.38933333,1,470.212666666667,163.369916666667,6210.9622752863,-0.858117547593015,-0.185645942476111,-0.509911213685241,-0.347577807074125,-0.231169782395835
"25190","DGRP-380","female",5,"25190","D7",1002789.02266667,1.05,459.324666666667,153.759921568627,6521.78417130041,-0.61498850786341,-0.593104118689602,-0.637176922571492,0.250428299857711,-0.900884341788811
"28198","DGRP-441","female",5,"28198","D7",1072129.46666667,1.18,549.178666666667,178.227545454545,6015.50935312689,0.0171469954335612,2.76947367020523,0.104680054807858,-0.72361965794712,0.804249093033927
"25190","DGRP-380","female",5,"25190","D8",953888.795,1,569.308333333333,157.48344,6057.07365168046,-0.858117547593015,3.52277981162562,-1.16034886952294,-0.643651982940581,-0.64139466669343
"28198","DGRP-441","female",5,"28198","D8",1056171.94633333,1.33,487.882333333333,175.449555555556,6019.80405700657,0.746534114622375,0.475600397926168,-0.0660456734692964,-0.715356857994972,0.610652711119122
"25190","DGRP-380","female",5,"25190","D9",954436.318333333,0.84,379.577,153.759921568627,6207.31533026531,-1.63613047472775,-3.5774757955156,-1.15449104713705,-0.354594350703013,-0.900884341788811
"28198","DGRP-441","female",5,"28198","D9",1113101.675,1.45,523.677,174.442111111111,6380.92297731371,1.33004380997343,1.81513287387859,0.543032001771469,-0.020581739376888,0.540444536677701
"25182","DGRP-324","female",5,"25182","F1",851135.017666667,1.17,491.277,137.944684210526,6170.11827993092,-0.0314788125123598,0.60263793364006,-2.25968718161707,-0.426159654000713,-2.00303836069525
"25182","DGRP-324","female",5,"25182","F10",897271.071666667,1.05,506.541666666667,137.485789473684,6526.28228052915,-0.61498850786341,1.17388272060801,-1.76608847364441,0.259082441740658,-2.03501844844311
"25182","DGRP-324","female",5,"25182","F11",874914.204,1.25,495.001333333333,141.998381818182,6161.43784737112,0.357527651055008,0.742012480628576,-2.0052793024609,-0.442860381163559,-1.72053870491734
"25182","DGRP-324","female",5,"25182","F12",871103.632,1.28,518.394333333333,139.703553571429,6235.37204123169,0.503405074892771,1.61744131201746,-2.04604770922228,-0.300614612745443,-1.88046385289896
"25182","DGRP-324","female",5,"25182","F2",838435.700333333,1.01,489.178,140.511517857143,5967.02471882601,-0.809491739647094,0.524087721307941,-2.39555416815797,-0.816901720041507,-1.82415732619505
"25182","DGRP-324","female",5,"25182","F4",857015.448333333,1.15,498.031666666667,141.998381818182,6035.38883584375,-0.128730428404202,0.855415685378688,-2.19677384751638,-0.685372506701417,-1.72053870491734
"25182","DGRP-324","female",5,"25182","F5",856293.238,1.09,482.526333333333,139.462696428571,6139.94465852428,-0.420485276079726,0.275164505953405,-2.20450060471624,-0.48421222397989,-1.89724903683092
"25182","DGRP-324","female",5,"25182","F8",841536.008666667,1.21,499.614,132.825254237288,6335.66269832459,0.163024419271324,0.914630844651436,-2.36238470404102,-0.107660299748658,-2.35980823975268
"25182","DGRP-324","female",5,"25182","F9",899617.509,1.22,503.578,145.608277777778,6178.34042631123,0.211650227217245,1.06297436141395,-1.74098449669675,-0.410340647004856,-1.46896730895186
"28141","DGRP-129","female",5,"28141","H1",1106527.248,1.11,503.118666666667,171.217456521739,6462.70111984467,-0.323233660187884,1.04578487553281,0.472693765370483,0.136755402163603,0.315720371318214
"28141","DGRP-129","female",5,"28141","H10",1083965.63166667,1.17,472.205,165.195583333333,6561.71072975619,-0.0314788125123598,-0.11108748303368,0.231312379092705,0.327245043116504,-0.103940212058799
"28141","DGRP-129","female",5,"28141","H11",1033587.698,1.03,478.651666666667,164.646020833333,6277.63545555876,-0.712240123755252,0.130164082236015,-0.307669194151523,-0.219301873226502,-0.142238879622266
"28141","DGRP-129","female",5,"28141","H12",1104376.22833333,1.18,490.381333333333,167.574531914894,6590.35842567184,0.0171469954335612,0.569119683594564,0.449680515726462,0.38236180717584,0.0618472295439162
"28141","DGRP-129","female",5,"28141","H2",1066827.933,1.03,464.727666666667,171.804543478261,6209.54435430859,-0.712240123755252,-0.390909360599825,0.0479602025174584,-0.350305817599415,0.356634094832255
"28141","DGRP-129","female",5,"28141","H3",1133231.92466667,1.12,462.331,167.574531914894,6762.55461803828,-0.274607852241963,-0.480599058339703,0.758400772291706,0.71365884881304,0.0618472295439162
"28141","DGRP-129","female",5,"28141","H4",1100620.375,1.08,467.396,172.378,6384.92368515704,-0.469111084025647,-0.291053167219082,0.409497531012024,-0.0128845734016414,0.396597921854995
"28141","DGRP-129","female",5,"28141","H5",1105822.68666667,1.07,491.400666666667,168.149127659574,6576.4402233799,-0.517736891971568,0.607265872146539,0.465155830639023,0.3555838675428,0.101890448302261
"28141","DGRP-129","female",5,"28141","H6",1120419.14766667,1.13,486.903,168.149127659574,6663.24686462249,-0.225982044296043,0.43895111670786,0.621319907665924,0.522595594358059,0.101890448302261
"28258","DGRP-892","female",5,"28258","B10",1083287.567,1.31,484.749839285581,170.2338261,6363.527108,0.649282498730533,0.358374065110524,0.224057925918399,-0.054050540057888,0.247171781253395
"28258","DGRP-892","female",5,"28258","B11",1048950.144,1.29,483.780124932346,170.8175435,6140.763544,0.552030882838691,0.322084751938506,-0.143310025140237,-0.482636728425561,0.287850682476846
"28258","DGRP-892","female",5,"28258","B12",1072340.974,1.47,492.507554111456,166.6118298,6436.163479,1.42729542586527,0.648688570486675,0.106942921642078,0.08569828073109,-0.00524287988126108
"28258","DGRP-892","female",5,"28258","B2",1074264.366,1.37,487.658982345284,170.8175435,6288.958055,0.941037346406059,0.467242004626581,0.127520836825829,-0.197517746371112,0.287850682476846
"28258","DGRP-892","female",5,"28258","B5",1076727.921,1.28,483.295267755729,174.6134889,6166.350195,0.503405074892771,0.303940095352497,0.15387782793347,-0.433409264884065,0.552387747803683
"28258","DGRP-892","female",5,"28258","B6",963615.1337,1.25,481.840696225878,163.7001458,5886.464723,0.357527651055008,0.249506125594468,-1.05628907681452,-0.971895206974519,-0.208156320237676
"28258","DGRP-892","female",5,"28258","B7",1005360.085,1.11,475.052695753237,159.8113469,6290.918035,-0.323233660187884,-0.00451906660966286,-0.609669735982695,-0.193746840831655,-0.4791642880162
"28258","DGRP-892","female",5,"28258","B8",1064867.205,1.25,481.840696225878,163.7001458,6504.986294,0.357527651055008,0.249506125594468,0.0269828383179593,0.218110006526533,-0.208156320237676
"28258","DGRP-892","female",5,"28258","B9",1082924.447,1.23,480.870981872643,167.1831277,6477.474505,0.260276035163166,0.21321681242245,0.220172991094128,0.16517867174736,0.0345705141399971
"25192","DGRP-399","female",5,"25192","C10",1162596.529,0.85,462.446409161189,165.7151458,7015.632296,-1.58750466678183,-0.476280137845905,1.07256571494285,1.20056790795592,-0.0677322280909417
"28173","DGRP-338","female",5,"28173","C10",1124545.347,1.31,484.749839285581,183.059814,6143.048672,0.649282498730533,0.358374065110524,0.665465136466146,-0.478240254056656,1.14100687144819
"28173","DGRP-338","female",5,"28173","C11",1106709.109,1.24,481.35583904926,170.5504783,6489.041371,0.308901843109087,0.231361469008459,0.474639453110285,0.187432755500032,0.269239075402908
"28180","DGRP-361","female",5,"28180","C11",1105969.458,1.08,473.598124223385,187.7585952,5890.379914,-0.469111084025647,-0.0589530363676896,0.466726102351016,-0.964362571218065,1.46846200008648
"28173","DGRP-338","female",5,"28173","C12",1132922.399,1.37,487.658982345284,178.9584545,6330.644742,0.941037346406059,0.467242004626581,0.755089230538425,-0.117314601987022,0.855185688145517
"28180","DGRP-361","female",5,"28180","C12",1035321.744,1.07,473.113267046768,191.6808293,5401.279554,-0.517736891971568,-0.0770976929537006,-0.289117046948705,-1.90536771253308,1.74180004608125
"29652","DGRP-57","female",5,"29652","C2",912621.338,0.79,459.537266101486,156.70922,5823.660778,-1.87925951445735,-0.585148077361963,-1.60185961200034,-1.09272692163501,-0.695349575190625
"28173","DGRP-338","female",5,"28173","C3",1067476.491,1.29,483.780124932346,174.9238222,6102.522099,0.552030882838691,0.322084751938506,0.0548989708578395,-0.556211395915718,0.574014681756735
"28180","DGRP-361","female",5,"28180","C3",1100742.265,1.18,478.446695989557,192.3380732,5722.955663,0.0171469954335612,0.122493529492404,0.410801603235339,-1.28647863134899,1.78760296319117
"28153","DGRP-195","female",5,"28153","F1",1202932.902,1.39,488.628696698518,174.6288667,6888.511187,1.0382889622979,0.503531317798599,1.50411501036164,0.955993119381514,0.553459417086172
"28153","DGRP-195","female",5,"28153","F10",1180878.329,1.28,483.295267755729,174.6779778,6760.316004,0.503405074892771,0.303940095352497,1.26815836054307,0.709351865028687,0.556881938987824
"28153","DGRP-195","female",5,"28153","F12",1175271.949,1.36,487.174125168667,177.7970455,6610.188295,0.892411538460138,0.44909734804057,1.20817702957784,0.42051350469126,0.774247819939042
"28153","DGRP-195","female",5,"28153","F2",1134659.113,1.37,487.658982345284,170.0667391,6671.846114,0.941037346406059,0.467242004626581,0.773669922040953,0.539140129053734,0.235527592526587
"28153","DGRP-195","female",5,"28153","F3",1178898.933,1.43,490.568125404987,178.6479318,6599.006892,1.23279219408158,0.576109944142637,1.24698127183569,0.399001032874403,0.833545555024698
"28153","DGRP-195","female",5,"28153","F4",1179725.137,1.41,489.598411051753,178.6479318,6603.631651,1.13554057818974,0.539820630970617,1.25582063262979,0.407898842715194,0.833545555024698
"28153","DGRP-195","female",5,"28153","F5",1207822.677,1.46,492.022696934839,171.2194783,7054.236406,1.37866961791935,0.630543913900664,1.55642955425993,1.27484032514631,0.315861267783138
"28153","DGRP-195","female",5,"28153","F7",1181965.28,1.42,490.08326822837,173.846,6798.921346,1.18416638613566,0.557965287556628,1.27978739169579,0.783626652526746,0.498901925463636
"28153","DGRP-195","female",5,"28153","F8",1180700.683,1.38,488.143839521901,177.7970455,6640.721618,0.989663154351979,0.48538666121259,1.26625776808935,0.479258122921416,0.774247819939042
"28153","DGRP-195","female",5,"28153","F9",1228837.269,1.54,495.901554347777,178.4067045,6887.84243,1.76767608148671,0.775701166588739,1.78125969382437,0.954706463662654,0.816734575072583
"28258","DGRP-892","female",5,"28258","B3",1060982.483,1.32,474.94434177075,170.8175435,6211.203262,0.697908306676454,-0.00857396338497987,-0.0145788817206247,-0.347114160438125,0.287850682476846
"28180","DGRP-361","female",5,"28180","C10",1054617.736,1.02,455.157913654682,182.7654419,5770.33451,-0.760865931701173,-0.74903519721599,-0.0826738014936257,-1.19532404987091,1.12049226355944
"29652","DGRP-57","female",5,"29652","C10",984718.6417,0.83,442.626509181173,150.803,6529.834563,-1.68475628267367,-1.21799397864229,-0.830507646038264,0.265916859258718,-1.10695036006352
"25192","DGRP-399","female",5,"25192","C11",1074324.965,0.77,438.66922355796,153.8679412,6982.123478,-1.97651113034919,-1.3660862254085,0.128169171165487,1.13609858305625,-0.893356521109119
"29652","DGRP-57","female",5,"29652","C12",991256.301,0.77,438.66922355796,153.4796275,6458.552952,-1.97651113034919,-1.3660862254085,-0.760562778546011,0.128774530366919,-0.920417860459313
"25192","DGRP-399","female",5,"25192","C2",1196312.219,0.63,429.435557103795,166.2828125,7194.443018,-2.65727244159209,-1.7116348011963,1.43328189197886,1.54459098069349,-0.0281718901309239
"28180","DGRP-361","female",5,"28180","C2",1058736.332,1.27,471.646603751405,185.8703571,5696.101026,0.45477926694685,-0.131984169023482,-0.0386099189547915,-1.338145637861,1.33687186562029
"29652","DGRP-57","female",5,"29652","C3",963060.2823,1,453.838818446945,156.83512,6140.590719,-0.858117547593015,-0.79839927947139,-1.06222530044901,-0.482969235262294,-0.686575682783045
"28180","DGRP-361","female",5,"28180","C4",1100423.453,1.08,459.115199277896,183.3921163,6000.385813,-0.469111084025647,-0.600942950449787,0.407390709202526,-0.752716608549013,1.16416481129721
"29652","DGRP-57","female",5,"29652","C4",961994.3793,0.95,450.5410804276,154.005902,6246.477356,-1.10124658732262,-0.921809485109892,-1.07362914403789,-0.279248530960302,-0.883742119078431
"25192","DGRP-399","female",5,"25192","C5",1245121.216,1.14,463.072484901109,168.044,7409.495225,-0.177356236350123,-0.452850703683587,1.95547778364834,1.95834089581958,0.0945641673319443
"28173","DGRP-338","female",5,"28173","C5",1103409.715,1.28,472.306151355274,175.5236222,6286.388698,0.503405074892771,-0.107302127895783,0.439340018626949,-0.202461063417278,0.615814369334707
"28180","DGRP-361","female",5,"28180","C5",1059302.103,1.03,455.817461258551,195.81765,5409.635459,-0.712240123755252,-0.724353156088289,-0.0325568691077376,-1.88929136050312,2.03009249827546
"29652","DGRP-57","female",5,"29652","C5",1012472.935,0.97,451.860175635338,156.83512,6455.651863,-1.00399497143078,-0.872445402854492,-0.533571039505459,0.123192977197724,-0.686575682783045
"25192","DGRP-399","female",5,"25192","C6",1033174.655,0.74,436.690580746353,155.2159804,6656.367809,-2.12238855418696,-1.4401323487916,-0.312088243321552,0.509360628208874,-0.799412510767574
"28173","DGRP-338","female",5,"28173","C6",1066827.331,1.14,463.072484901109,186.1697381,5730.401415,-0.177356236350123,-0.452850703683587,0.0479537618621267,-1.27215336912069,1.35773554062325
"29652","DGRP-57","female",5,"29652","C6",999092.7297,0.7,434.052390330877,153.4796275,6509.611381,-2.31689178597064,-1.5388605133024,-0.676722685038233,0.227008447423262,-0.920417860459313
"25192","DGRP-399","female",5,"25192","C7",1063121.538,0.82,441.966961577304,164.3047143,6470.426258,-1.73338209061959,-1.24267601977,0.0083063607901982,0.151618189673175,-0.166024318871416
"28173","DGRP-338","female",5,"28173","C7",1116735.557,1.26,470.987056147536,179.5127955,6220.924552,0.406153459000929,-0.156666210151183,0.581910044096569,-0.328410874531292,0.893817366391034
"28180","DGRP-361","female",5,"28180","C7",1105724.311,1.15,463.732032504978,183.3921163,6029.290318,-0.128730428404202,-0.428168662555886,0.464103332695348,-0.69710575638737,1.16416481129721
"29652","DGRP-57","female",5,"29652","C7",983123.9883,0.95,450.5410804276,156.54922,6279.967338,-1.10124658732262,-0.921809485109892,-0.847568464848304,-0.214815445602223,-0.706499875311458
"25192","DGRP-399","female",5,"25192","C8",1121675.106,0.83,442.626509181173,163.2603958,6870.466659,-1.68475628267367,-1.21799397864229,0.634757108224931,0.921276331153014,-0.238802223226027
"28173","DGRP-338","female",5,"28173","C8",1143730.489,1.26,470.987056147536,178.4448182,6409.435146,0.406153459000929,-0.156666210151183,0.870722424041542,0.0342742769299481,0.819390695033304
"28180","DGRP-361","female",5,"28180","C8",1034679.892,1.13,462.41293729724,183.3921163,5641.899517,-0.225982044296043,-0.477532744811287,-0.29598406938434,-1.4424266869202,1.16416481129721
"29652","DGRP-57","female",5,"29652","C8",936462.5183,0.93,449.221985219862,153.4796275,6101.542816,-1.19849820321446,-0.971173567365292,-1.34678847408674,-0.558095488452068,-0.920417860459313
"28173","DGRP-338","female",5,"28173","D1",1087015.117,1.2,467.029770524323,172.281,6309.547294,0.114398611325403,-0.304758456917384,0.263938099977141,-0.157905058793529,0.389838052406742
"29652","DGRP-57","female",5,"29652","D1",997705.1347,0.89,446.583794804387,156.42922,6377.997248,-1.39300143499814,-1.06990173187609,-0.691568235097398,-0.0262106993030222,-0.714862600402082
"25203","DGRP-732","female",5,"25203","D10",1139344.472,1.36,477.582532186225,185.1331395,6154.189762,0.892411538460138,0.0901542011258209,0.823797467599751,-0.456805342477663,1.28549563128054
"25203","DGRP-732","female",5,"25203","D11",1163938.168,1.32,474.94434177075,185.1331395,6287.033054,0.697908306676454,-0.00857396338497987,1.08691959264912,-0.201221354027496,1.28549563128054
"25203","DGRP-732","female",5,"25203","D2",1213787.998,1.26,470.987056147536,178.9584545,6782.512741,0.406153459000929,-0.156666210151183,1.62025110991881,0.752057300038828,0.855185688145517
"25192","DGRP-399","female",5,"25192","D3",1025649.687,0.93,449.221985219862,155.68686,6587.901424,-1.19849820321446,-0.971173567365292,-0.392596092613032,0.377634656278994,-0.766597205387715
"25203","DGRP-732","female",5,"25203","D3",1139269.468,1.14,463.072484901109,183.352,6213.564443,-0.177356236350123,-0.452850703683587,0.822995017578933,-0.342571363821546,1.1613691313926
"25192","DGRP-399","female",5,"25192","D4",1114077.858,0.82,441.966961577304,159.3946122,6989.43234,-1.73338209061959,-1.24267601977,0.553475952343073,1.15016047562807,-0.50820626911473
"25192","DGRP-399","female",5,"25192","D5",1010983.436,0.96,451.200628031469,155.17044,6515.309464,-1.0526207793767,-0.897127443982191,-0.549506836310418,0.237971280079202,-0.802586192815216
"25203","DGRP-732","female",5,"25203","D5",1152992.302,1.28,472.306151355274,183.3695455,6287.806948,0.503405074892771,-0.107302127895783,0.969812366373504,-0.199732419869213,1.16259186633491
"28173","DGRP-338","female",5,"28173","D5",1138180.112,1.35,476.922984582356,178.8993636,6362.124991,0.843785730514217,0.0654721599981196,0.811340255901171,-0.0567481445039892,0.851067680211704
"25203","DGRP-732","female",5,"25203","D6",1151851.633,1.52,488.135293848128,179.7074773,6409.592134,1.67042446559487,0.485066859169026,0.957608619069401,0.0345763141542212,0.907384619503932
"25203","DGRP-732","female",5,"25203","D8",1192658.914,1.49,486.156651036521,180.3236818,6613.989364,1.52454704175711,0.411020735785924,1.39419604757981,0.427826575308287,0.95032752644648
"25203","DGRP-732","female",5,"25203","D9",1175770.287,1.38,478.901627393963,179.1849091,6561.770704,0.989663154351979,0.139518283381221,1.21350862973882,0.327360430624645,0.870967167856412
"25180","DGRP-313","male",5,"25180","A1",697644.743,0.63,398.197333333333,118.897954545455,5867.59247177201,-1.08278940462875,-2.13674359769669,-1.80189348499355,0.0915931504663405,-2.05460999025507
"25190","DGRP-380","male",5,"25190","A1",780738.987,0.49,408.733333333333,132.445762711864,5894.7826718964,-2.24197585436138,-1.61587539328686,-0.752062950313689,0.147080968325554,-0.976390715314489
"25201","DGRP-712","male",5,"25201","A1",873673.626,0.76,434.326,151.014980769231,5785.34408672395,-0.00640198701987827,-0.350650798305244,0.422093249382282,-0.0762534776527184,0.501463752662869
"28191","DGRP-385","male",5,"28191","A1",976274.957666667,0.8,432.227,145.777055555556,6697.04127268923,0.324794141475159,-0.454419055808686,1.71838052148843,1.7842730049097,0.084596916587895
"28196","DGRP-426","male",5,"28196","A1",872422.015666667,0.93,434.399333333333,161.824244897959,5391.17000803425,1.40118155908403,-0.347025418497296,0.40628013547449,-0.880655776388954,1.36173257167491
"28247","DGRP-843","male",5,"28247","A1",828229.959333333,0.8,465.144666666667,152.231057692308,5440.61094949079,0.324794141475159,1.17293154499127,-0.152051800598321,-0.779760235283035,0.598246757128722
"28248","DGRP-849","male",5,"28248","A1",925211.299666667,0.95,424.546333333333,140.851982142857,6568.67788149608,1.56677962333155,-0.834128153695673,1.07323129333191,1.5223181668529,-0.307371217212229
"25198","DGRP-555","male",5,"25198","A10",837058.656666667,0.79,434.595666666667,140.484714285714,5958.36109944515,0.2419951093514,-0.337319288011393,-0.0405081413048959,0.276827281021347,-0.336600689446678
"28135","DGRP-88","male",5,"28135","A10",829718.380666667,0.9,432.203666666667,151.163634615385,5488.87556704873,1.15278446271275,-0.455572585747566,-0.133246765628594,-0.681265251949046,0.51329455512542
"28191","DGRP-385","male",5,"28191","A10",953187.953666667,0.68,427.563666666667,138.104578947368,6901.92867558668,-0.668794244009952,-0.684960253596999,1.42669435182455,2.2023925789331,-0.52602674030669
"28196","DGRP-426","male",5,"28196","A10",901390.439666667,0.98,427.95,169.510739130435,5317.60078618421,1.81517671970283,-0.665861093608691,0.772273429266932,-1.0307905883206,1.97347183874869
"28197","DGRP-440","male",5,"28197","A10",878999.375666667,0.86,428.45,150.194634615385,5852.40197106635,0.821588334217715,-0.641142594918019,0.489379915112439,0.0605934618840613,0.436175476925898
"28247","DGRP-843","male",5,"28247","A10",841220.966,0.76,498.088666666667,146.105185185185,5757.63936737612,-0.00640198701987827,2.80158398672224,0.0120793692441621,-0.132791289584233,0.110711523984118
"25180","DGRP-313","male",5,"25180","A11",681789.058,0.73,405.003,126.568790322581,5386.70754664205,-0.254799083391156,-1.80029187251838,-2.00221761648532,-0.889762448785676,-1.44411692095489
"25201","DGRP-712","male",5,"25201","A11",820567.578666667,0.78,431.180333333333,150.908942307692,5437.50135756428,0.15919607722764,-0.50616311306784,-0.248859964497213,-0.786106068327489,0.493024548939874
"28191","DGRP-385","male",5,"28191","A11",1000457.62766667,0.91,452.234666666667,148.020018867925,6758.93460437507,1.23558349483651,0.534699908798124,2.02390957084219,1.91058049435709,0.263105960019519
"28196","DGRP-426","male",5,"28196","A11",849097.637333333,0.89,438.210333333333,168.948456521739,5025.77919215307,1.06998543058899,-0.158621021476997,0.111594927474291,-1.62631924875368,1.9287218733511
"28197","DGRP-440","male",5,"28197","A11",824560.682333333,0.83,452.427,147.853830188679,5576.86386129527,0.573191237846436,0.544208291294453,-0.198410234701151,-0.501705027215155,0.249879625911526
"28247","DGRP-843","male",5,"28247","A11",822288.485333333,0.83,480.358333333333,148.35320754717,5542.7752384247,0.573191237846436,1.92504954415187,-0.227117659867783,-0.571270653369445,0.289623198213422
"28248","DGRP-849","male",5,"28248","A11",904337.436,0.86,440.017,133.690016949153,6764.43504636516,0.821588334217715,-0.0693048462080197,0.809506414217401,1.92180540340134,-0.877365184018744
"25180","DGRP-313","male",5,"25180","A12",690488.112,0.7,397.860333333333,127.002774193548,5436.79550611798,-0.503196179762435,-2.1534038658142,-1.89231189892408,-0.787546519530818,-1.40957777123101
"25198","DGRP-555","male",5,"25198","A12",833555.553666667,0.73,432.190666666667,131.119066666667,6357.24135976156,-0.254799083391156,-0.456215266713522,-0.0847670973828719,1.09083361899674,-1.08197748111072
"25201","DGRP-712","male",5,"25201","A12",893211.462666667,0.9,471.866,156.9453,5691.22785242162,1.15278446271275,1.50521408339039,0.66893847628217,-0.268319164652878,0.973435633473814
"28135","DGRP-88","male",5,"28135","A12",875101.140666667,0.9,463.543333333333,151.681961538462,5769.31582233508,1.15278446271275,1.09376643318458,0.440128776437205,-0.108962814507181,0.554546252249973
"28196","DGRP-426","male",5,"28196","A12",906759.946333333,0.87,427.036,162.447791666667,5581.85455788744,0.904387366341474,-0.711046509215238,0.840112930337946,-0.49152037016114,1.4113583219505
"28197","DGRP-440","male",5,"28197","A12",916515.937666667,0.98,441.672333333333,150.697173076923,6081.83895525919,1.81517671970283,0.0125298634572131,0.963372221292035,0.528812067514692,0.476170629571529
"28247","DGRP-843","male",5,"28247","A12",817389.607333333,0.67,481.660666666667,149.358773584906,5472.65880479846,-0.751593276133712,1.98943299374153,-0.289011137231527,-0.714359261772167,0.369652430307277
"25180","DGRP-313","male",5,"25180","A2",667134.234333333,0.59,387.166,130.78775,5100.89235676379,-1.41398553312379,-2.6820995948094,-2.18736980784067,-1.47303366874024,-1.10834573283982
"25190","DGRP-380","male",5,"25190","A2",806605.083666667,0.49,421.946333333333,139.541071428571,5780.41343246783,-2.24197585436138,-0.962664346887167,-0.425265126704536,-0.0863156045969376,-0.411701687684482
"25201","DGRP-712","male",5,"25201","A2",908487.544333333,0.78,446.925,153.976058823529,5900.18702436424,0.15919607722764,0.272205931702301,0.861939774710606,0.15810978473774,0.73712485691911
"28135","DGRP-88","male",5,"28135","A2",672539.636333333,0.44,389.147666666667,148.311490566038,4534.6428234694,-2.65597101498018,-2.58413194499869,-2.11907679741483,-2.62859526161428,0.286303100039875
"28191","DGRP-385","male",5,"28191","A2",990495.822333333,0.84,434.185666666667,145.278907407407,6817.89146139208,0.655990269970196,-0.357588456937745,1.89804998158504,2.03089543609145,0.0449511725300521
"28196","DGRP-426","male",5,"28196","A2",889273.3,0.92,436.727666666667,162.990229166667,5455.99146983632,1.31838252696027,-0.231919609594368,0.619182882886277,-0.748372768195318,1.4545288895262
"28197","DGRP-440","male",5,"28197","A2",794886.185,0.68,445.785,147.853830188679,5376.16228125866,-0.668794244009952,0.21584775468757,-0.573324210713845,-0.911282472992697,0.249879625911526
"28247","DGRP-843","male",5,"28247","A2",834718.556333333,0.8,474.540333333333,154.699607843137,5395.73802397562,0.324794141475159,1.63742509338721,-0.0700734717765047,-0.871333695809437,0.794709411536587
"28248","DGRP-849","male",5,"28248","A2",913178.831,0.89,426.285666666667,148.824735849057,6135.9344989947,1.06998543058899,-0.748140736250356,0.921210498560064,0.639206388411898,0.327150368478139
"25180","DGRP-313","male",5,"25180","A3",692579.433,0.68,403.975,120.727153846154,5736.73288018182,-0.668794244009952,-1.8511131058264,-1.86588970000959,-0.175455755024218,-1.90903087372966
"25198","DGRP-555","male",5,"25198","A3",844055.33,0.81,431.842,128.969573770492,6544.60819962111,0.407593173598919,-0.473452299800503,0.0478893330919262,1.47319847969732,-1.25304756444347
"25201","DGRP-712","male",5,"25201","A3",929176.462333333,0.87,460.255,153.976058823529,6034.55153634147,0.904387366341474,0.931201106795608,1.12332801052978,0.432311281351476,0.73712485691911
"28135","DGRP-88","male",5,"28135","A3",790330.022666667,0.76,400.063,151.163634615385,5228.30788421802,-0.00640198701987827,-2.04451063958221,-0.630887744699319,-1.21301316328342,0.51329455512542
"28191","DGRP-385","male",5,"28191","A3",926716.744666667,0.68,422.951,142.637472727273,6497.00760219285,-0.668794244009952,-0.912996643518025,1.09225140896448,1.37605858120427,-0.165270713596039
"28196","DGRP-426","male",5,"28196","A3",856230.229,0.91,428.656333333333,168.710382978723,5075.14839266284,1.23558349483651,-0.630942094458351,0.201709623301719,-1.52557011144653,1.90977449235927
"28197","DGRP-440","male",5,"28197","A3",911581.21,0.85,432.514,153.652019607843,5932.76425735616,0.738789302093955,-0.440230637560239,0.901025811535945,0.224591074406196,0.711335790237787
"28247","DGRP-843","male",5,"28247","A3",803453.898666667,0.76,463.463,146.59287037037,5480.85249055238,-0.00640198701987827,1.08979499439496,-0.465077875147437,-0.697638173268616,0.149524560034717
"25180","DGRP-313","male",5,"25180","A4",676654.236666667,0.63,405.811,124.559761904762,5432.36616961451,-1.08278940462875,-1.76034677863425,-2.06709205262386,-0.796585593021169,-1.60400796291448
"25198","DGRP-555","male",5,"25198","A4",735643.832333333,0.77,451.196333333333,131.119066666667,5610.50235511133,0.0763970451038811,0.483367826517128,-1.32180482479513,-0.433057992276654,-1.08197748111072
"25201","DGRP-712","male",5,"25201","A4",902912.406,0.77,443.457,156.9453,5753.03883582369,0.0763970451038811,0.100758424783801,0.791502278975074,-0.142179725699782,0.973435633473814
"28191","DGRP-385","male",5,"28191","A4",948640.877666667,0.8,453.684666666667,137.632649122807,6892.55698929556,0.324794141475159,0.606383555001071,1.36924561652695,2.18326751109335,-0.563585866256128
"28196","DGRP-426","male",5,"28196","A4",897201.754,0.97,435.674333333333,172.967565217391,5187.10980797103,1.73237768757907,-0.283993246836084,0.719352674454566,-1.29708725396627,2.24858767086644
"28197","DGRP-440","male",5,"28197","A4",862342.956333333,0.89,445.686333333333,156.72506,5502.26591926864,1.06998543058899,0.210969970945926,0.278939133984856,-0.653939177788136,0.955907557330716
"28247","DGRP-843","male",5,"28247","A4",784034.953333333,0.76,464.482,146.105185185185,5366.2363340465,-0.00640198701987827,1.14017129472655,-0.710421003393637,-0.931538636921939,0.110711523984118
"28248","DGRP-849","male",5,"28248","A4",894232.469,0.93,437.742333333333,137.448122807018,6505.96349180801,1.40118155908403,-0.181757536251464,0.681838089699853,1.39433512089356,-0.578271624127339
"25180","DGRP-313","male",5,"25180","A5",675884.823,0.61,399.578666666667,122.613515625,5512.31909104637,-1.24838746887627,-2.06845462531389,-2.07681299022656,-0.633423383054808,-1.75890240981282
"25198","DGRP-555","male",5,"25198","A5",810802.067666667,0.66,440.002666666667,135.640413793103,5977.5847403666,-0.834392308257471,-0.0700134431704698,-0.372239528965625,0.316057514015607,-0.722140409272944
"25201","DGRP-712","male",5,"25201","A5",905354.112,0.86,457.574,156.9453,5768.596523757,0.821588334217715,0.798660516816227,0.822351317273215,-0.110430707656342,0.973435633473814
"28135","DGRP-88","male",5,"28135","A5",793094.917666667,0.67,408.253666666667,148.311490566038,5347.49475337199,-0.751593276133712,-1.63958867303074,-0.595955467125632,-0.969785115804165,0.286303100039875
"28191","DGRP-385","male",5,"28191","A5",902006.042,0.78,446.700666666667,142.918345454545,6311.33840187703,0.15919607722764,0.26111556528977,0.780051081432023,0.997158141999749,-0.142917105940103
"28196","DGRP-426","male",5,"28196","A5",867018.719666667,0.85,440.158333333333,167.015723404255,5191.24009401247,0.738789302093955,-0.0623177505781385,0.338013732705202,-1.28865846129371,1.77490288839129
"28247","DGRP-843","male",5,"28247","A5",795667.462666667,0.95,469.409,154.699607843137,5143.30626793482,1.56677962333155,1.38374738082443,-0.563453380785717,-1.38647838900752,0.794709411536587
"28248","DGRP-849","male",5,"28248","A5",855315.910333333,0.82,427.279666666667,140.366232142857,6093.45921220454,0.490392205722677,-0.6990003608533,0.19015792479063,0.552525857700534,-0.346030239127005
"25198","DGRP-555","male",5,"25198","A6",865583.326333333,0.7,418.148,131.008483333333,6607.07844492004,-0.503196179762435,-1.15044254194062,0.319878664882575,1.60068329322976,-1.09077839414575
"25201","DGRP-712","male",5,"25201","A6",873930.553333333,0.77,439.465666666667,148.061603773585,5902.47931306852,0.0763970451038811,-0.0965611107642501,0.425339324522298,0.162787723757018,0.266415546801268
"28135","DGRP-88","male",5,"28135","A6",666123.186333333,0.59,359.854666666667,145.564981481481,4576.12249562974,-1.41398553312379,-4.03228990929038,-2.20014360553509,-2.54394651010957,0.0677187358833744
"28196","DGRP-426","male",5,"28196","A6",863518.494,0.93,423.292,162.990229166667,5297.97705307233,1.40118155908403,-0.896138627410989,0.293791129474859,-1.07083730087323,1.4545288895262
"28197","DGRP-440","male",5,"28197","A6",897371.600333333,0.84,429.704,153.13962745098,5859.8261943701,0.655990269970196,-0.579148600201814,0.721498549527892,0.0757442863921568,0.670556418912772
"28247","DGRP-843","male",5,"28247","A6",805977.508333333,0.81,475.175666666667,151.163634615385,5331.82144226708,0.407593173598919,1.66883406572352,-0.433194048324497,-1.00177008935572,0.51329455512542
"28248","DGRP-849","male",5,"28248","A6",953489.344666667,0.92,426.911333333333,146.068722222222,6527.67635781788,1.31838252696027,-0.717209654888795,1.43050219048396,1.43864518661009,0.107809573424644
"25180","DGRP-313","male",5,"25180","A7",641826.26,0.65,395.640333333333,120.727153846154,5316.33720793168,-0.917191340381231,-2.26315400000079,-2.5071161939565,-1.0333692085443,-1.90903087372966
"25190","DGRP-380","male",5,"25190","A7",804134.961666667,0.55,444.759333333333,124.036507936508,6483.05063601346,-1.74518166161882,0.165141874373422,-0.456473178852943,1.34757620175556,-1.64565178509817
"25198","DGRP-555","male",5,"25198","A7",846673.720666667,0.57,400.111333333333,138.020070175439,6134.42464991107,-1.57958359737131,-2.0421211847088,0.0809706434362118,0.636125196270462,-0.532752476726647
"25201","DGRP-712","male",5,"25201","A7",877209.518,0.8,450.265666666667,148.061603773585,5924.6252616676,0.324794141475159,0.437358460954259,0.466766468732232,0.207981593480801,0.266415546801268
"28135","DGRP-88","male",5,"28135","A7",730208.552333333,0.69,412.956333333333,151.163634615385,4830.58345475253,-0.585995211886194,-1.40710295334544,-1.3904753202934,-2.0246607642345,0.51329455512542
"28191","DGRP-385","male",5,"28191","A7",937576.204666667,0.79,459.842666666667,138.104578947368,6788.88572567877,0.2419951093514,0.910816584875385,1.22945216017578,1.97170260291002,-0.52602674030669
"28197","DGRP-440","male",5,"28197","A7",913723.583666667,0.88,432.640333333333,150.697173076923,6063.30938404703,0.987186398465233,-0.43398509689108,0.928093020811729,0.490998242396599,0.476170629571529
"28247","DGRP-843","male",5,"28247","A7",829210.095666667,0.82,457.339,143.448727272727,5780.53295718796,0.490392205722677,0.787042822431611,-0.139668547543112,-0.0860716870873229,-0.100706004895745
"28248","DGRP-849","male",5,"28248","A7",930369.531666667,0.93,441.122333333333,146.068722222222,6369.39597685564,1.40118155908403,-0.0146604851025235,1.1384015048638,1.11563789319772,0.107809573424644
"25180","DGRP-313","male",5,"25180","A8",667888.667666667,0.66,390.099333333333,128.64368852459,5191.77174820357,-0.834392308257471,-2.53708440249081,-2.1778381349884,-1.28757349940359,-1.27898354975078
"25198","DGRP-555","male",5,"25198","A8",868126.054333333,0.84,437.957666666667,138.020070175439,6289.85373815453,0.655990269970196,-0.171112102815315,0.352004036837165,0.953313775207789,-0.532752476726647
"28135","DGRP-88","male",5,"28135","A8",768701.856333333,0.81,426.402333333333,143.4084,5360.22894288852,0.407593173598919,-0.7423730865559,-0.904142645795344,-0.943798091609955,-0.103915501385949
"28191","DGRP-385","male",5,"28191","A8",935953.706,0.76,451.947,138.104578947368,6777.13739206787,-0.00640198701987827,0.520478532551407,1.20895316336506,1.94772744301533,-0.52602674030669
"28197","DGRP-440","male",5,"28197","A8",924107.185333333,0.96,434.922666666667,156.72506,5896.35879120629,1.64957865545531,-0.321153389867693,1.05928167558328,0.150297400010187,0.955907557330716
"28248","DGRP-849","male",5,"28248","A8",916033.433,0.76,452.663333333333,133.690016949153,6851.92098785059,-0.00640198701987827,0.55589190167556,0.957276153648738,2.10034046251004,-0.877365184018744
"25180","DGRP-313","male",5,"25180","A9",695294.553666667,0.64,410.952333333333,126.568790322581,5493.41233249206,-0.99999037250499,-1.50617469609765,-1.83158628205915,-0.672006945153294,-1.44411692095489
"25198","DGRP-555","male",5,"25198","A9",852925.090666667,0.82,450.215333333333,138.493333333333,6158.60034658708,0.490392205722677,0.43487013208603,0.159951795362711,0.685461230857964,-0.495087235774552
"25201","DGRP-712","male",5,"25201","A9",863474.998666667,0.85,449.636333333333,156.9453,5501.7576102417,0.738789302093955,0.406246110602235,0.293241600086891,-0.654976498535096,0.973435633473814
"28135","DGRP-88","male",5,"28135","A9",873855.379333333,0.82,429.150666666667,151.163634615385,5780.85715891087,0.490392205722677,-0.606503738752807,0.424389560052282,-0.0854100793732146,0.51329455512542
"28191","DGRP-385","male",5,"28191","A9",944902.05,0.72,463.746666666667,135.259672413793,6985.83719106837,-0.337598115514916,1.10381862265215,1.32200846435582,2.3736270826361,-0.752442188638064
"28196","DGRP-426","male",5,"28196","A9",898695.730666667,0.92,442.04,170.6465,5266.41759817322,1.31838252696027,0.0307061994944392,0.738227896699398,-1.13524158172319,2.06386278953913
"28197","DGRP-440","male",5,"28197","A9",808855.105,0.79,442.310333333333,145.115796296296,5573.85981157066,0.2419951093514,0.0440706677865118,-0.396837873675865,-0.507835477274243,0.0319697705352331
"25190","DGRP-380","male",5,"25190","B10",771830.233666667,0.41,407.079,124.461825396825,6201.34110363412,-2.90436811135145,-1.69766066595471,-0.864618054314201,0.772683514303526,-1.61180236251632
"25190","DGRP-380","male",5,"25190","B4",787727.667666667,0.53,433.450333333333,132.445762711864,5947.54903092194,-1.91077972586634,-0.393941129012191,-0.663766456985055,0.25476278402785,-0.976390715314489
"25190","DGRP-380","male",5,"25190","B5",781552.963333333,0.33,423.586,134.729310344828,5800.91266950761,-3.56676036834153,-0.881604150180872,-0.741778998404339,-0.044482226177046,-0.79465171791626
"25190","DGRP-380","male",5,"25190","B6",753399.095333333,0.41,418.996333333333,126.037096774194,5977.59798199028,-2.90436811135145,-1.10850348916213,-1.0974810166542,0.316084536575188,-1.48643241768991
"25190","DGRP-380","male",5,"25190","B7",742017.221,0.43,427.247333333333,128.542540983607,5772.54203411641,-2.73877004710394,-0.700598823768663,-1.24128206281357,-0.102378991994705,-1.28703350343784
"25190","DGRP-380","male",5,"25190","B8",810423.635,0.52,421.960666666667,138.022228070175,5871.68926578951,-1.9935787579901,-0.961955749924666,-0.377020728597063,0.0999535950092193,-0.532580737972372
"28198","DGRP-441","male",5,"28198","C1",844988.363666667,0.83,455.659,142.5974,5925.69264002476,0.573191237846436,0.703988666830954,0.0596774809346503,0.210159822975178,-0.168459951767593
"28198","DGRP-441","male",5,"28198","C10",829119.409333333,0.86,452.215,135.685344827586,6110.6039888603,0.821588334217715,0.533727647849606,-0.140814298165889,0.587513693022069,-0.718564516639425
"28198","DGRP-441","male",5,"28198","C11",814363.317,0.71,472.685666666667,145.564981481481,5594.50019305366,-0.420397147638675,1.54573594224398,-0.327245939617351,-0.465714061358438,0.0677187358833744
"28198","DGRP-441","male",5,"28198","C12",875603.201333333,0.83,480.675,142.5974,6140.3868607235,0.573191237846436,1.94070459332264,0.446471918786845,0.648292450137106,-0.168459951767593
"28198","DGRP-441","male",5,"28198","C2",788815.518666667,0.87,433.607,140.53125,5613.0968639834,0.904387366341474,-0.386195999422429,-0.650022313684563,-0.427763303930524,-0.33289708636196
"28198","DGRP-441","male",5,"28198","C3",813521.913333333,0.8,431.338333333333,140.53125,5788.90398636128,0.324794141475159,-0.498352067481587,-0.337876414349857,-0.0689886888034423,-0.33289708636196
"28198","DGRP-441","male",5,"28198","C4",835580.379333333,0.81,455.789333333333,137.59398245614,6072.7974030382,0.407593173598919,0.710431955489639,-0.0591850147987942,0.510360713699432,-0.566663201333949
"28198","DGRP-441","male",5,"28198","C5",824653.544,0.59,453.437666666667,145.736111111111,5658.53951853617,-1.41398553312379,0.594172616647879,-0.19723700044959,-0.335027181087446,0.0813383017138092
"28198","DGRP-441","male",5,"28198","C6",866636.037333333,0.84,448.007,148.485849056604,5836.4890852526,0.655990269970196,0.325696762868915,0.33317884187189,0.028119581382689,0.300179638810473
"28198","DGRP-441","male",5,"28198","C8",774211.371666667,0.63,422.555,137.59398245614,5626.78220258255,-1.08278940462875,-0.932573694481038,-0.834534245143417,-0.399835242641628,-0.566663201333949
"28198","DGRP-441","male",5,"28198","C9",784090.206333333,0.79,444.077333333333,140.051017857143,5598.60412534191,0.2419951093514,0.131425842159345,-0.709722925118412,-0.457339049542593,-0.371116962707588
"25182","DGRP-324","male",5,"25182","E1",704024.784,0.65,480.300333333333,116.057338235294,6066.18068883041,-0.917191340381231,1.92218219830375,-1.72128667600315,0.496857796063346,-2.28068399578463
"25182","DGRP-324","male",5,"25182","E11",667183.102666667,0.7,446.289666666667,112.831857142857,5913.07383890652,-0.503196179762435,0.240796959366038,-2.18675239481609,0.184408275180483,-2.53738794686691
"25182","DGRP-324","male",5,"25182","E12",708669.711333333,0.76,484.251,121.107,5851.59991852934,-0.00640198701987827,2.11749129595832,-1.66260166593311,0.0589566903677247,-1.87880034200393
"25182","DGRP-324","male",5,"25182","E2",684033.852666667,0.68,462.655333333333,115.378058823529,5928.63027547461,-0.668794244009952,1.04986637950994,-1.97385639828646,0.216154739527183,-2.33474529823584
"25182","DGRP-324","male",5,"25182","E3",726810.585333333,0.63,451.778333333333,116.699910447761,6228.03036047468,-1.08278940462875,0.512140158993072,-1.43340596555488,0.827149042898085,-2.22954408174739
"25182","DGRP-324","male",5,"25182","E6",703639.305333333,0.76,464.842,119.272045454545,5899.44863150259,-0.00640198701987827,1.15796861378383,-1.72615689631269,0.156602925338827,-2.02483749688887
"25182","DGRP-324","male",5,"25182","E7",686222.028,0.78,456.363,113.317304347826,6055.75672620706,0.15919607722764,0.73879231298742,-1.94621052091177,0.475585317862758,-2.49875302327378
"25182","DGRP-324","male",5,"25182","E8",719492.487,0.72,458.443333333333,117.491865671642,6123.76425284443,-0.337598115514916,0.841637746539724,-1.52586439247219,0.614370219549638,-2.16651533371746
"25182","DGRP-324","male",5,"25182","E9",664467.367333333,0.72,480.496666666667,115.764044117647,5739.84238714102,-0.337598115514916,1.93188832878965,-2.22106357859728,-0.169110095374981,-2.30402617534528
"28141","DGRP-129","male",5,"28141","G1",852282.329666667,0.76,434.746333333333,140.807946428571,6052.79993980318,-0.00640198701987827,-0.329870780405971,0.15183101476687,0.469551319411974,-0.310875854666918
"28141","DGRP-129","male",5,"28141","G10",850979.685333333,0.83,438.375666666667,140.326767857143,6064.27197268349,0.573191237846436,-0.150447437909916,0.135373126336454,0.492962624515483,-0.349171053715308
"28141","DGRP-129","male",5,"28141","G11",855196.312333333,0.75,422.617666666667,142.878163636364,5985.49344817922,-0.0892010191436377,-0.929475642645124,0.188646897958415,0.332197039896284,-0.146115026248151
"28141","DGRP-129","male",5,"28141","G2",873763.044,0.75,429.647333333333,146.023055555556,5983.73346370341,-0.0892010191436377,-0.58195003005344,0.423222975609167,0.328605389316957,0.104175134582821
"28141","DGRP-129","male",5,"28141","G3",874898.127666667,0.78,447.844,140.807946428571,6213.41444043062,0.15919607722764,0.317638532295755,0.437563866570078,0.797321917480124,-0.310875854666918
"28141","DGRP-129","male",5,"28141","G4",850477.606333333,0.73,441.066,138.337631578947,6147.83986559707,-0.254799083391156,-0.0174454359549915,0.129029752359532,0.663502010016642,-0.50747895483781
"28141","DGRP-129","male",5,"28141","G5",838010.900333333,0.67,446.339666666667,138.799368421053,6037.56998224371,-0.751593276133712,0.243268809235103,-0.0284772901941806,0.438471110101363,-0.470731050158787
"28141","DGRP-129","male",5,"28141","G6",806895.785333333,0.76,431.531333333333,135.9525,5935.13017659354,-0.00640198701987827,-0.488810726986988,-0.42159233937948,0.229419273357024,-0.697302637761405
"28141","DGRP-129","male",5,"28141","G7",860524.601,0.74,456.069,145.524055555556,5913.28078175697,-0.172000051267397,0.724257835757306,0.255965641960174,0.184830589365024,0.0644615948288878
"28141","DGRP-129","male",5,"28141","G9",825524.976333333,0.81,424.331333333333,140.326767857143,5882.87601103835,0.407593173598919,-0.84475710813266,-0.186227137089618,0.122782705496284,-0.349171053715308
"28258","DGRP-892","male",5,"28258","A5",859693.1957,0.9,464.870695044275,151.1636346,5687.16939,1.15278446271275,1.15938721061252,0.245461488740673,-0.276601384813417,0.513294553900985
"25192","DGRP-399","male",5,"25192","A6",920282.6473,0.7,455.173551511931,140.8871429,6532.055578,-0.503196179762435,0.679989551197513,1.01096164022153,1.4475819862923,-0.304572904333318
"28258","DGRP-892","male",5,"28258","A6",864399.84,0.74,457.1129802184,145.5112407,5940.433437,-0.172000051267397,0.775869083080515,0.304926244229835,0.240241788312684,0.0634417085051119
"29652","DGRP-57","male",5,"29652","A6",766343.9447,0.59,449.840122569142,137.7874211,5561.784514,-1.41398553312379,0.416320838519255,-0.933933008058581,-0.532477881858664,-0.551268144674869
"25192","DGRP-399","male",5,"25192","A7",877241.5263,0.65,452.749265628845,145.6059259,6024.765275,-0.917191340381231,0.56014013634376,0.467170868472642,0.412340178367536,0.070977348694107
"28258","DGRP-892","male",5,"28258","A7",824857.162,0.88,463.900980691041,146.7657736,5620.228353,0.987186398465233,1.11144744467102,-0.194664446882457,-0.413209870641773,0.163285280041719
"29652","DGRP-57","male",5,"29652","A7",742724.378,0.61,450.809836922376,133.116661,5579.499759,-1.24838746887627,0.464260604460758,-1.23234768931578,-0.496325875496282,-0.922996435080552
"29652","DGRP-57","male",5,"29652","A8",804906.4777,0.58,449.355265392525,133.6857966,6020.882533,-1.49678456524755,0.392350955548505,-0.446725679498016,0.404416555889411,-0.877701065790013
"25192","DGRP-399","male",5,"25192","A9",914868.159,0.62,451.294694098993,140.4057143,6515.889782,-1.16558843675251,0.488230487431508,0.942553831528947,1.41459198475154,-0.342888002218649
"28173","DGRP-338","male",5,"28173","A9",880966.9233,0.92,465.84040939751,151.7176923,5806.619584,1.31838252696027,1.20732697655402,0.514238334715006,-0.0328359628011548,0.557389929642314
"28180","DGRP-361","male",5,"28180","A9",737393.811,0.64,452.264408452228,154.0963529,4785.277503,-0.99999037250499,0.536170253373008,-1.29969521827045,-2.11711791376933,0.746698611604668
"28258","DGRP-892","male",5,"28258","A9",775984.3187,0.82,460.991837631338,137.9036667,5627.002801,0.490392205722677,0.967628146846518,-0.812134451338651,-0.399385061151552,-0.542016593057995
"28173","DGRP-338","male",5,"28173","B1",907146.5247,0.87,463.416123514424,154.4433137,5873.653594,0.904387366341474,1.08747756170027,0.844997044493598,0.103962255683315,0.774311921271716
"28180","DGRP-361","male",5,"28180","B1",738279.6573,0.56,448.38555103929,157.17828,4697.084466,-1.66238262949506,0.344411189607006,-1.28850324575821,-2.29709596288701,0.991977638467544
"29652","DGRP-57","male",5,"29652","B1",819115.1137,0.71,455.658408688548,138.3765263,5919.46579,-0.420397147638675,0.703959434168263,-0.267210719003864,0.197452512310679,-0.504383469766154
"28173","DGRP-338","male",5,"28173","B2",819964.8667,0.82,460.991837631338,157.26022,5214.064095,0.490392205722677,0.967628146846518,-0.256474756999855,-1.24208087069781,0.998498935957398
"28180","DGRP-361","male",5,"28180","B2",859121.6613,0.81,460.50698045472,164.2887708,5229.338907,0.407593173598919,0.943658263875768,0.238240600314996,-1.21090912564951,1.55787495120457
"28180","DGRP-361","male",5,"28180","B4",830345.1797,0.74,457.1129802184,167.7842766,4948.885536,-0.172000051267397,0.775869083080515,-0.125327651949664,-1.78323832870276,1.8360691567124
"28180","DGRP-361","male",5,"28180","B5",790122.9677,0.67,453.718979982079,160.9359388,4909.549562,-0.751593276133712,0.60807990228526,-0.633503721641887,-1.86351237415449,1.29103561869904
"28173","DGRP-338","male",5,"28173","B6",932594.0273,0.82,460.991837631338,146.0641111,6384.826637,0.490392205722677,0.967628146846518,1.1665062607135,1.14712768200474,0.107442591489426
"28180","DGRP-361","male",5,"28180","B6",850645.166,0.79,459.537266101486,167.7842766,5069.874146,0.2419951093514,0.895718497934265,0.131146737194822,-1.53633341722705,1.8360691567124
"25203","DGRP-732","male",5,"25203","C1",907880.9087,0.8,460.022123278103,161.3699796,5626.083061,0.324794141475159,0.919688380905018,0.854275409760155,-0.401262000834391,1.32557929919128
"25203","DGRP-732","male",5,"25203","C10",895714.18,0.85,462.446409161189,157.74924,5678.088719,0.738789302093955,1.03953779575877,0.700558344876265,-0.29513256943811,1.03741820491625
"25203","DGRP-732","male",5,"25203","C12",890038.3197,0.76,458.082694571634,166.9793333,5330.230406,-0.00640198701987827,0.823808849022015,0.628848306169887,-1.00501696250087,1.77200673638332
"28153","DGRP-195","male",5,"28153","E2",950019.6687,0.8,460.022123278103,147.9692075,6420.387623,0.324794141475159,0.919688380905018,1.38666555872819,1.21969800164325,0.259062073686773
"28153","DGRP-195","male",5,"28153","E3",937073.105,0.82,460.991837631338,148.9721698,6290.256134,0.490392205722677,0.967628146846518,1.22309589087685,0.954134955900781,0.338884084052997
"28153","DGRP-195","male",5,"28153","E4",960395.778,0.73,456.628123041783,148.9721698,6446.813383,-0.254799083391156,0.751899200109763,1.51775955332926,1.27362580471065,0.338884084052997
"28153","DGRP-195","male",5,"28153","E5",952522.2587,0.86,462.931266337806,154.1276275,6180.087726,0.821588334217715,1.06350767872952,1.41828381856559,0.729311139636915,0.749187639801839
"28153","DGRP-195","male",5,"28153","E6",921639.566,0.74,457.1129802184,146.2134259,6303.385343,-0.172000051267397,0.775869083080515,1.02810524266333,0.980928107635404,0.119325996791332
"28153","DGRP-195","male",5,"28153","E8",930974.2803,0.72,456.143265865165,148.4765849,6270.175738,-0.337598115514916,0.727929317139013,1.14604202905076,0.913156318351533,0.29944233930831
"28153","DGRP-195","male",5,"28153","E9",897353.5727,0.74,457.1129802184,147.9692075,6064.46157,-0.172000051267397,0.775869083080515,0.721270784534435,0.49334954117358,0.259062073686773
"28173","DGRP-338","male",5,"28173","A1",846867.881,0.83,442.626509181173,148.8200377,5690.550103,0.573191237846436,0.0597014523482325,0.0834237068103328,-0.26970226725194,0.326776460403299
"28258","DGRP-892","male",5,"28258","A1",885897.7717,0.83,442.626509181173,147.7501132,5995.91941,0.573191237846436,0.0597014523482325,0.576535732982416,0.353473597916159,0.241625179512602
"29652","DGRP-57","male",5,"29652","A1",789867.677,0.65,430.754652311533,133.116661,5933.65001,-0.917191340381231,-0.527207504627858,-0.636729119204681,0.226398655120751,-0.922996435080552
"25192","DGRP-399","male",5,"25192","A10",912347.8893,0.63,429.435557103795,148.8618868,6128.821211,-1.08278940462875,-0.592419610958534,0.910712202562585,0.624690098468302,0.330107073422371
"28180","DGRP-361","male",5,"28180","A10",764438.2383,0.65,430.754652311533,154.1276275,4959.774253,-0.917191340381231,-0.527207504627858,-0.95801011223026,-1.76101741297384,0.749187639801839
"28258","DGRP-892","male",5,"28258","A10",845976.2257,0.72,435.371485538615,140.3662321,6026.921238,-0.337598115514916,-0.298965132470489,0.0721583421438075,0.416739913629061,-0.346030242537834
"29652","DGRP-57","male",5,"29652","A10",760187.7873,0.61,428.116461896057,135.9907241,5589.997348,-1.24838746887627,-0.657631717289211,-1.0117112235366,-0.474903145846331,-0.694260524905877
"25192","DGRP-399","male",5,"25192","A11",998369.7993,0.74,436.690580746353,146.1051852,6833.226337,-0.172000051267397,-0.233753026139813,1.99753149860772,2.06218975465966,0.110711525163188
"28173","DGRP-338","male",5,"28173","A11",846072.399,0.92,448.562437615993,155.2229804,5450.690335,1.31838252696027,0.353155930836278,0.0733734162825282,-0.759190945439295,0.836362671743196
"28258","DGRP-892","male",5,"28258","A11",865621.9773,0.95,450.5410804276,140.3144107,6169.159482,1.56677962333155,0.450974090332291,0.320366989501087,0.707009560030331,-0.350154513537842
"29652","DGRP-57","male",5,"29652","A11",754371.8417,0.67,432.073747519271,135.4117759,5570.947112,-0.751593276133712,-0.461995398297181,-1.08519113002588,-0.513779506465496,-0.740336842252906
"28180","DGRP-361","male",5,"28180","A12",746068.4953,0.59,426.797366688319,154.0963529,4841.571401,-1.41398553312379,-0.72284382361989,-1.19009739273577,-2.00223734854659,0.746698611604668
"25192","DGRP-399","male",5,"25192","A2",975344.4837,0.81,441.307413973435,148.3114906,6576.324464,0.407593173598919,-0.00551065398244388,1.70662471344555,1.53792276613065,0.286303102742784
"28173","DGRP-338","male",5,"28173","A2",855812.501,0.84,443.286056785042,151.1636346,5661.497246,0.655990269970196,0.0923075055135693,0.196431957984844,-0.328991262188749,0.513294553900985
"28180","DGRP-361","male",5,"28180","A2",849683.648,0.78,439.328771161829,167.7842766,5064.143466,0.15919607722764,-0.10332881347846,0.118998712163819,-1.54802817955298,1.8360691567124
"28258","DGRP-892","male",5,"28258","A2",826135.919,0.74,436.690580746353,145.5112407,5677.471478,-0.172000051267397,-0.233753026139813,-0.178508356154493,-0.296392190773244,0.0634417085051119
"29652","DGRP-57","male",5,"29652","A2",749637.6263,0.73,436.031033142484,131.0084833,5722.054078,-0.254799083391156,-0.266359079305152,-1.14500422471715,-0.205411205816419,-1.0907783967986
"25192","DGRP-399","male",5,"25192","A3",895535.735,0.75,437.350128350222,145.6059259,6150.407199,-0.0892010191436377,-0.201146972974476,0.698303832400515,0.668741240606854,0.070977348694107
"28173","DGRP-338","male",5,"28173","A3",924177.5893,0.89,446.583794804387,159.93912,5778.30858,1.06998543058899,0.255337771340262,1.06017117442714,-0.0906110371359095,1.21170254647205
"28258","DGRP-892","male",5,"28258","A3",871782.658,0.98,452.519723239207,145.014,6011.713752,1.81517671970283,0.548792249828307,0.398202353323315,0.385705562671576,0.0238681848443436
"29652","DGRP-57","male",5,"29652","A3",784212.853,0.62,428.776009499926,133.116661,5891.169798,-1.16558843675251,-0.625025664123874,-0.708173380776403,0.139708073393019,-0.922996435080552
"25192","DGRP-399","male",5,"25192","A4",924921.7607,0.75,437.350128350222,142.9183455,6471.679739,-0.0892010191436377,-0.201146972974476,1.06957319580849,1.32437128750365,-0.142917102322511
"28173","DGRP-338","male",5,"28173","A4",892210.261,0.83,442.626509181173,151.7176923,5880.726548,0.573191237846436,0.0597014523482325,0.65628907927894,0.118396234892115,0.557389929642314
"28180","DGRP-361","male",5,"28180","A4",740611.0837,0.63,429.435557103795,157.71722,4695.816244,-1.08278940462875,-0.592419610958534,-1.25904750362427,-2.29968405973878,1.03486985312683
"28258","DGRP-892","male",5,"28258","A4",842595.32,0.86,444.60515199278,145.5112407,5790.58577,0.821588334217715,0.157519611844246,0.029443253012806,-0.0655566249055311,0.0634417085051119
"29652","DGRP-57","male",5,"29652","A4",779735.5927,0.61,428.116461896057,140.2479107,5559.694891,-1.24838746887627,-0.657631717289211,-0.76474004951762,-0.53674223518773,-0.355446999296632
"25192","DGRP-399","male",5,"25192","A5",956101.6637,0.81,441.307413973435,149.3587736,6401.375967,0.407593173598919,-0.00551065398244388,1.46350679050798,1.18090037233181,0.369652431508553
"28173","DGRP-338","male",5,"28173","A5",863755.6867,0.85,443.945604388911,145.5649815,5933.81511,0.738789302093955,0.124913558678909,0.296787873016604,0.226735579405478,0.0677187373572313
"25203","DGRP-732","male",5,"25203","C11",857336.1407,0.7,434.052390330877,159.75904,5366.432727,-0.503196179762435,-0.364177238801168,0.215681949367044,-0.931137852213374,1.19737065420975
"25203","DGRP-732","male",5,"25203","C2",907428.7223,0.84,443.286056785042,160.418551,5656.632083,0.655990269970196,0.0923075055135693,0.848562389612971,-0.338919739256382,1.24985866286036
"25203","DGRP-732","male",5,"25203","C4",881032.1283,0.62,428.776009499926,168.08875,5241.469928,-1.16558843675251,-0.625025664123874,0.515062148696799,-1.18615300467155,1.86030105345572
"25203","DGRP-732","male",5,"25203","C5",879883.492,0.86,444.60515199278,164.7318542,5341.307523,0.821588334217715,0.157519611844246,0.500550030854055,-0.982411573511844,1.59313829833926
"25203","DGRP-732","male",5,"25203","C6",913973.2093,0.81,441.307413973435,161.9233061,5644.482139,0.407593173598919,-0.00551065398244388,0.931246844704895,-0.363714476940822,1.36961648146514
"25203","DGRP-732","male",5,"25203","C7",895187.5233,0.78,439.328771161829,154.1347692,5807.823425,0.15919607722764,-0.10332881347846,0.693904450956082,-0.0303792500945973,0.749756020937832
"25203","DGRP-732","male",5,"25203","C9",926332.3707,0.94,449.881532823731,157.089,5896.863375,1.48398059120779,0.418368037166954,1.08739514567213,0.151327118567314,0.984872177887922
"28153","DGRP-195","male",5,"28153","E1",911764.335,0.77,438.66922355796,143.3680909,6359.604353,0.0763970451038811,-0.135934866643799,0.903339452137371,1.09565584677798,-0.107123551576921
"28153","DGRP-195","male",5,"28153","E10",924794.9793,0.81,441.307413973435,154.1276275,6000.189548,0.407593173598919,-0.00551065398244388,1.06797141235705,0.362187790474277,0.749187639801839
"28153","DGRP-195","male",5,"28153","E11",927190.0663,0.79,439.988318765698,145.7270185,6362.513114,0.2419951093514,-0.0707227603131203,1.09823145619131,1.10159183841561,0.0806146548744842
